sid,"splunk_server","_time","is_realtime",provenance,search,"adhoc_search_level","api_index_et","api_index_lt","event_count","exec_time","result_count","savedsearch_name","scan_count",status,"total_run_time","__mv_sid","__mv_splunk_server","__mv__time","__mv_is_realtime","__mv_provenance","__mv_search","__mv_adhoc_search_level","__mv_api_index_et","__mv_api_index_lt","__mv_event_count","__mv_exec_time","__mv_result_count","__mv_savedsearch_name","__mv_scan_count","__mv_status","__mv_total_run_time"
"admin__admin_U3BsdW5rX01MX1Rvb2xraXQ__RMD5ad37c4b08a4f4fb1_1716865305.311",server,"1716865305.025466",0,splunkjs," | mstats rate_avg(""infra-statistics.packets_received"") as ""Rate (Avg) /s"" WHERE index=""mltk_training_data_4"" by source, interface_name span=1m","",0,0,5000,1716865305,2500,"7b46abfc-8f19-4c51-ac1d-9310f958c5fe",5000,canceled,"0.084",,,,,,,,,,,,,,,,
"admin__admin_U3BsdW5rX01MX1Rvb2xraXQ__RMD5ad37c4b08a4f4fb1_1716865305.312",server,"1716865305.047131",0,splunkjs," | mstats rate_avg(""infra-statistics.packets_received"") as ""Rate (Avg) /s"" WHERE index=""mltk_training_data_4"" by source, interface_name span=1m","",0,0,5000,1716865305,2500,"7b46abfc-8f19-4c51-ac1d-9310f958c5fe",5000,canceled,"0.105",,,,,,,,,,,,,,,,
"admin__admin_U3BsdW5rX01MX1Rvb2xraXQ__RMD5ad37c4b08a4f4fb1_1716865305.313",server,"1716865305.083669",0,splunkjs," | mstats rate_avg(""infra-statistics.packets_received"") as ""Rate (Avg) /s"" WHERE index=""mltk_training_data_4"" by source, interface_name span=1m",smart,0,0,5000,1716865305,2500,"7b46abfc-8f19-4c51-ac1d-9310f958c5fe",5000,completed,"0.109",,,,,,,,,,,,,,,,
"admin__admin_U3BsdW5rX01MX1Rvb2xraXQ__RMD51fb6da8c2c900104_1716865549.318",server,"1716865549.919843",0,splunkjs," | mstats avg(_value) prestats=true WHERE metric_name=""infra-statistics.packets_received"" AND index=mertics_data span=10m | timechart avg(_value) AS ""received"" span=10m | fields - _span*","",0,0,138370,1716865549,76,"a94133d4-190f-492f-aa77-ceeab09e0813",138370,canceled,"0.039",,,,,,,,,,,,,,,,
"admin__admin_U3BsdW5rX01MX1Rvb2xraXQ__RMD51fb6da8c2c900104_1716865549.319",server,"1716865549.989313",0,splunkjs," | mstats avg(_value) prestats=true WHERE metric_name=""infra-statistics.packets_received"" AND index=mertics_data span=10m | timechart avg(_value) AS ""received"" span=10m | fields - _span*","",0,0,138370,1716865550,76,"a94133d4-190f-492f-aa77-ceeab09e0813",138370,canceled,"0.084",,,,,,,,,,,,,,,,
"admin__admin_U3BsdW5rX01MX1Rvb2xraXQ__RMD51fb6da8c2c900104_1716865550.320",server,"1716865550.021622",0,splunkjs," | mstats avg(_value) prestats=true WHERE metric_name=""infra-statistics.packets_received"" AND index=mertics_data span=10m | timechart avg(_value) AS ""received"" span=10m | fields - _span*",smart,0,0,138370,1716865550,76,"a94133d4-190f-492f-aa77-ceeab09e0813",138370,completed,"0.066",,,,,,,,,,,,,,,,
"admin__admin_U3BsdW5rX01MX1Rvb2xraXQ__RMD507e3350648a72d91_1716865728.323",server,"1716865728.249909",0,splunkjs," | `clus-fit`","",0,0,5000,1716865728,2500,"da46a9ca-9653-4348-8675-78c007af3d8b",5000,canceled,"0.147",,,,,,,,,,,,,,,,
"admin__admin_U3BsdW5rX01MX1Rvb2xraXQ__RMD507e3350648a72d91_1716865728.324",server,"1716865728.275910",0,splunkjs," | `clus-fit`","",0,0,5000,1716865728,2500,"da46a9ca-9653-4348-8675-78c007af3d8b",5000,canceled,"0.161",,,,,,,,,,,,,,,,
"admin__admin_U3BsdW5rX01MX1Rvb2xraXQ__RMD507e3350648a72d91_1716865728.325",server,"1716865728.310519",0,splunkjs," | `clus-fit`",smart,0,0,5000,1716865728,2500,"da46a9ca-9653-4348-8675-78c007af3d8b",5000,completed,"0.138",,,,,,,,,,,,,,,,
"admin__admin_U3BsdW5rX01MX1Rvb2xraXQ__RMD511a11d440b1186aa_1716866808.330",server,"1716866808.779131",0,splunkjs," | mstats rate_avg(""infra-statistics.packets_received"") as ""Rate (Avg) /s"" WHERE index=""mltk_training_data_4"" by source, interface_name span=1m","",0,0,5000,1716866808,2500,"9a319ff1-dfc5-46c8-9095-a78fe7ac93ae",5000,canceled,"0.171",,,,,,,,,,,,,,,,
"admin__admin_U3BsdW5rX01MX1Rvb2xraXQ__RMD511a11d440b1186aa_1716866808.331",server,"1716866808.841247",0,splunkjs," | mstats rate_avg(""infra-statistics.packets_received"") as ""Rate (Avg) /s"" WHERE index=""mltk_training_data_4"" by source, interface_name span=1m","",0,0,5000,1716866808,2500,"9a319ff1-dfc5-46c8-9095-a78fe7ac93ae",5000,canceled,"0.159",,,,,,,,,,,,,,,,
"admin__admin_U3BsdW5rX01MX1Rvb2xraXQ__RMD511a11d440b1186aa_1716866808.332",server,"1716866808.849705",0,splunkjs," | mstats rate_avg(""infra-statistics.packets_received"") as ""Rate (Avg) /s"" WHERE index=""mltk_training_data_4"" by source, interface_name span=1m",smart,0,0,5000,1716866808,2500,"9a319ff1-dfc5-46c8-9095-a78fe7ac93ae",5000,completed,"0.166",,,,,,,,,,,,,,,,
"admin__admin_U3BsdW5rX01MX1Rvb2xraXQ__RMD511a11d440b1186aa_1716867016.333",server,"1716867016.903502",0,splunkjs," | `clus-fit`",smart,0,0,5000,1716867016,2500,"9a319ff1-dfc5-46c8-9095-a78fe7ac93ae",5000,canceled,"0.095",,,,,,,,,,,,,,,,
"admin__admin_U3BsdW5rX01MX1Rvb2xraXQ__RMD511a11d440b1186aa_1716867016.334",server,"1716867016.916831",0,splunkjs," | `clus-fit`",smart,0,0,5000,1716867016,2500,"9a319ff1-dfc5-46c8-9095-a78fe7ac93ae",5000,completed,"0.158",,,,,,,,,,,,,,,,
"admin__admin_U3BsdW5rX01MX1Rvb2xraXQ__RMD51420871a78603ff6_1716868690.349",server,"1716868690.338825",0,splunkjs,"| loadjob admin__admin_U3BsdW5rX01MX1Rvb2xraXQ__RMD511a11d440b1186aa_1716867016.334 | eval ""atf_hour_of_day""=strftime(_time, ""%H""), ""atf_day_of_week""=strftime(_time, ""%w-%A""), ""atf_day_of_month""=strftime(_time, ""%e""), ""atf_month"" = strftime(_time, ""%m-%B"") | eventstats dc(""atf_hour_of_day""),dc(""atf_day_of_week""),dc(""atf_day_of_month""),dc(""atf_month"") | eval ""atf_hour_of_day""=if('dc(atf_hour_of_day)'<2, null(), 'atf_hour_of_day'),""atf_day_of_week""=if('dc(atf_day_of_week)'<2, null(), 'atf_day_of_week'),""atf_day_of_month""=if('dc(atf_day_of_month)'<2, null(), 'atf_day_of_month'),""atf_month""=if('dc(atf_month)'<2, null(), 'atf_month') | fields - ""dc(atf_hour_of_day)"",""dc(atf_day_of_week)"",""dc(atf_day_of_month)"",""dc(atf_month)"" | eval ""_atf_hour_of_day_copy""=atf_hour_of_day,""_atf_day_of_week_copy""=atf_day_of_week,""_atf_day_of_month_copy""=atf_day_of_month,""_atf_month_copy""=atf_month | fields - ""atf_hour_of_day"",""atf_day_of_week"",""atf_day_of_month"",""atf_month"" | rename ""_atf_hour_of_day_copy"" as ""atf_hour_of_day"",""_atf_day_of_week_copy"" as ""atf_day_of_week"",""_atf_day_of_month_copy"" as ""atf_day_of_month"",""_atf_month_copy"" as ""atf_month""","",0,0,0,1716868690,2500,"308d6ed2-9520-44a1-ad25-5f383194b30c",0,canceled,"0.034",,,,,,,,,,,,,,,,
"admin__admin_U3BsdW5rX01MX1Rvb2xraXQ__RMD51420871a78603ff6_1716868690.350",server,"1716868690.380728",0,splunkjs,"| loadjob admin__admin_U3BsdW5rX01MX1Rvb2xraXQ__RMD511a11d440b1186aa_1716867016.334 | eval ""atf_hour_of_day""=strftime(_time, ""%H""), ""atf_day_of_week""=strftime(_time, ""%w-%A""), ""atf_day_of_month""=strftime(_time, ""%e""), ""atf_month"" = strftime(_time, ""%m-%B"") | eventstats dc(""atf_hour_of_day""),dc(""atf_day_of_week""),dc(""atf_day_of_month""),dc(""atf_month"") | eval ""atf_hour_of_day""=if('dc(atf_hour_of_day)'<2, null(), 'atf_hour_of_day'),""atf_day_of_week""=if('dc(atf_day_of_week)'<2, null(), 'atf_day_of_week'),""atf_day_of_month""=if('dc(atf_day_of_month)'<2, null(), 'atf_day_of_month'),""atf_month""=if('dc(atf_month)'<2, null(), 'atf_month') | fields - ""dc(atf_hour_of_day)"",""dc(atf_day_of_week)"",""dc(atf_day_of_month)"",""dc(atf_month)"" | eval ""_atf_hour_of_day_copy""=atf_hour_of_day,""_atf_day_of_week_copy""=atf_day_of_week,""_atf_day_of_month_copy""=atf_day_of_month,""_atf_month_copy""=atf_month | fields - ""atf_hour_of_day"",""atf_day_of_week"",""atf_day_of_month"",""atf_month"" | rename ""_atf_hour_of_day_copy"" as ""atf_hour_of_day"",""_atf_day_of_week_copy"" as ""atf_day_of_week"",""_atf_day_of_month_copy"" as ""atf_day_of_month"",""_atf_month_copy"" as ""atf_month""","",0,0,0,1716868690,2500,"308d6ed2-9520-44a1-ad25-5f383194b30c",0,completed,"0.029",,,,,,,,,,,,,,,,
"admin__admin_U3BsdW5rX01MX1Rvb2xraXQ__RMD52c3cf681e315ccba_1716868691.351",server,"1716868691.842603",0,splunkjs,"| loadjob admin__admin_U3BsdW5rX01MX1Rvb2xraXQ__RMD51420871a78603ff6_1716868690.350 | stats count by atf_hour_of_day","",0,0,0,1716868691,24,"9ea35bac-9717-4659-a47b-f3b66a0f807d",0,canceled,"0.053",,,,,,,,,,,,,,,,
"admin__admin_U3BsdW5rX01MX1Rvb2xraXQ__RMD5678f55a8d9673102_1716868691.352",server,"1716868691.862700",0,splunkjs,"| loadjob admin__admin_U3BsdW5rX01MX1Rvb2xraXQ__RMD51420871a78603ff6_1716868690.350 | stats count by atf_day_of_week | rex field=atf_day_of_week ""\d-(?<atf_day_of_week>.*)""","",0,0,0,1716868691,2,"4e0d81e2-ec70-4a0f-9cb1-e3278471e27a",0,canceled,"0.04",,,,,,,,,,,,,,,,
"admin__admin_U3BsdW5rX01MX1Rvb2xraXQ__RMD524fba7da1742f27f_1716868691.353",server,"1716868691.867428",0,splunkjs,"| loadjob admin__admin_U3BsdW5rX01MX1Rvb2xraXQ__RMD51420871a78603ff6_1716868690.350 | stats count by atf_day_of_month","",0,0,0,1716868691,2,"04a5caaa-9afb-4d14-8e70-817f6e7e715e",0,canceled,"0.041",,,,,,,,,,,,,,,,
"admin__admin_U3BsdW5rX01MX1Rvb2xraXQ__RMD52c3cf681e315ccba_1716868692.354",server,"1716868692.228725",0,splunkjs,"| loadjob admin__admin_U3BsdW5rX01MX1Rvb2xraXQ__RMD51420871a78603ff6_1716868690.350 | stats count by atf_hour_of_day","",0,0,0,1716868692,24,"9ea35bac-9717-4659-a47b-f3b66a0f807d",0,completed,"0.03",,,,,,,,,,,,,,,,
"admin__admin_U3BsdW5rX01MX1Rvb2xraXQ__RMD524fba7da1742f27f_1716868692.355",server,"1716868692.234162",0,splunkjs,"| loadjob admin__admin_U3BsdW5rX01MX1Rvb2xraXQ__RMD51420871a78603ff6_1716868690.350 | stats count by atf_day_of_month","",0,0,0,1716868692,2,"04a5caaa-9afb-4d14-8e70-817f6e7e715e",0,completed,"0.029",,,,,,,,,,,,,,,,
"admin__admin_U3BsdW5rX01MX1Rvb2xraXQ__RMD5678f55a8d9673102_1716868692.356",server,"1716868692.240511",0,splunkjs,"| loadjob admin__admin_U3BsdW5rX01MX1Rvb2xraXQ__RMD51420871a78603ff6_1716868690.350 | stats count by atf_day_of_week | rex field=atf_day_of_week ""\d-(?<atf_day_of_week>.*)""","",0,0,0,1716868692,2,"4e0d81e2-ec70-4a0f-9cb1-e3278471e27a",0,completed,"0.026000000000000002",,,,,,,,,,,,,,,,
"admin__admin_U3BsdW5rX01MX1Rvb2xraXQ__RMD54308b819c04aefe3_1716869305.364",server,"1716869305.781623",0,splunkjs," | `clus-fit`","",0,0,0,1716869305,0,"f6ef8b07-9ac6-4b5e-8c9a-de2b0e7b8ecf",0,canceled,"0.124",,,,,,,,,,,,,,,,
"admin__admin_U3BsdW5rX01MX1Rvb2xraXQ__RMD54308b819c04aefe3_1716869305.365",server,"1716869305.804367",0,splunkjs," | `clus-fit`","",0,0,5000,1716869305,0,"f6ef8b07-9ac6-4b5e-8c9a-de2b0e7b8ecf",5000,canceled,"0.134",,,,,,,,,,,,,,,,
"admin__admin_U3BsdW5rX01MX1Rvb2xraXQ__RMD54308b819c04aefe3_1716869305.366",server,"1716869305.838974",0,splunkjs," | `clus-fit`",smart,0,0,5000,1716869305,2500,"f6ef8b07-9ac6-4b5e-8c9a-de2b0e7b8ecf",5000,canceled,"0.11",,,,,,,,,,,,,,,,
"admin__admin_U3BsdW5rX01MX1Rvb2xraXQ__RMD54308b819c04aefe3_1716869311.367",server,"1716869311.934908",0,splunkjs," | `clus-fit`",smart,0,0,5000,1716869311,2500,"f6ef8b07-9ac6-4b5e-8c9a-de2b0e7b8ecf",5000,completed,"0.234",,,,,,,,,,,,,,,,
"admin__admin_U3BsdW5rX01MX1Rvb2xraXQ__RMD5a01de521db805a1b_1716870270.371",server,"1716870270.746249",0,splunkjs,"| `clus-fit`  | fit DensityFunction ""packets_received/s"" by ""interface_name,source"" dist=auto threshold=0.017 show_density=true show_options=""feature_variables,split_by,params"" into ""_exp_draft_af28b737dfa24888a66c15d93652d10e""","",0,0,0,1716870270,0,"048acbeb-61d9-45e7-9749-f116e2bfc980",0,canceled,"3.8930000000000002",,,,,,,,,,,,,,,,
"admin__admin_U3BsdW5rX01MX1Rvb2xraXQ__RMD5a01de521db805a1b_1716870270.372",server,"1716870270.793830",0,splunkjs,"| `clus-fit`  | fit DensityFunction ""packets_received/s"" by ""interface_name,source"" dist=auto threshold=0.017 show_density=true show_options=""feature_variables,split_by,params"" into ""_exp_draft_af28b737dfa24888a66c15d93652d10e""","",0,0,5000,1716870270,2500,"048acbeb-61d9-45e7-9749-f116e2bfc980",5000,completed,"4.686",,,,,,,,,,,,,,,,
"admin__admin_U3BsdW5rX01MX1Rvb2xraXQ__RMD57c8dcf1f445eed94_1716870276.373",server,"1716870276.242711",0,splunkjs,"| loadjob admin__admin_U3BsdW5rX01MX1Rvb2xraXQ__RMD5a01de521db805a1b_1716870270.372 | stats first(_isApply) as _isApply, sum(IsOutlier(packets_received/s)) as outlierCount by  ""interface_name"" ""source"" | sort - outlierCount | table _isApply, outlierCount, *","",0,0,0,1716870276,0,"3e66ed24-e718-4ebc-9341-d25377eb84d3",0,canceled,"0.25",,,,,,,,,,,,,,,,
"admin__admin_U3BsdW5rX01MX1Rvb2xraXQ__RMD5cfd5c4260f341daf_1716870276.374",server,"1716870276.244492",0,splunkjs," | summary _exp_draft_af28b737dfa24888a66c15d93652d10e","",0,0,0,1716870276,0,"ca69ce88-44ac-4abb-aad0-f015ac9e2cdf",0,canceled,"6.845",,,,,,,,,,,,,,,,
"admin__admin_U3BsdW5rX01MX1Rvb2xraXQ__RMD5b69877e1a3aa2acb_1716870276.375",server,"1716870276.248154",0,splunkjs," | summary _exp_draft_af28b737dfa24888a66c15d93652d10e | `histogram(cardinality, 10)`","",0,0,0,1716870276,0,"faaf46ee-662f-4d4b-80cc-550c27b3ef5e",0,canceled,"6.665",,,,,,,,,,,,,,,,
"admin__admin_U3BsdW5rX01MX1Rvb2xraXQ__RMD5b716087b62034449_1716870276.376",server,"1716870276.257952",0,splunkjs," | summary _exp_draft_af28b737dfa24888a66c15d93652d10e | replace ""Auto: *"" with ""*"" in type | multireport  [| where type=""Normal"" |`histogram(mean, 10)` | eval type=""Normal""] [| where type=""Exponential"" |`histogram(mean, 10)` | eval type=""Exponential""] [| where type=""Gaussian KDE"" |`histogram(mean, 10)` | eval type=""Gaussian KDE""] [| where type=""Beta"" |`histogram(mean, 10)` | eval type=""Beta""] | table mean count type","",0,0,0,1716870276,0,"bf8a4c3e-e5aa-4265-9acd-3d75d95d9627",0,canceled,"8.049",,,,,,,,,,,,,,,,
"admin__admin_U3BsdW5rX01MX1Rvb2xraXQ__RMD5f6e266c8f7c6a69f_1716870276.377",server,"1716870276.344209",0,splunkjs," | summary _exp_draft_af28b737dfa24888a66c15d93652d10e | replace ""Auto: *"" with ""*"" in type | multireport  [| where type=""Normal"" |`histogram(std, 10)` | eval type=""Normal""] [| where type=""Exponential"" |`histogram(std, 10)` | eval type=""Exponential""] [| where type=""Gaussian KDE"" |`histogram(std, 10)` | eval type=""Gaussian KDE""] [| where type=""Beta"" |`histogram(std, 10)` | eval type=""Beta""] | table std count type","",0,0,0,1716870276,0,"739bc70a-6a10-46a1-96bb-cefbbcd411fc",0,canceled,"8.087",,,,,,,,,,,,,,,,
"admin__admin_U3BsdW5rX01MX1Rvb2xraXQ__RMD57c8dcf1f445eed94_1716870276.378",server,"1716870276.351501",0,splunkjs,"| loadjob admin__admin_U3BsdW5rX01MX1Rvb2xraXQ__RMD5a01de521db805a1b_1716870270.372 | stats first(_isApply) as _isApply, sum(IsOutlier(packets_received/s)) as outlierCount by  ""interface_name"" ""source"" | sort - outlierCount | table _isApply, outlierCount, *","",0,0,0,1716870276,1,"3e66ed24-e718-4ebc-9341-d25377eb84d3",0,completed,"0.151",,,,,,,,,,,,,,,,
"admin__admin_U3BsdW5rX01MX1Rvb2xraXQ__RMD5cfd5c4260f341daf_1716870276.379",server,"1716870276.356268",0,splunkjs," | summary _exp_draft_af28b737dfa24888a66c15d93652d10e","",0,0,0,1716870276,1,"ca69ce88-44ac-4abb-aad0-f015ac9e2cdf",0,completed,"9.366",,,,,,,,,,,,,,,,
"admin__admin_U3BsdW5rX01MX1Rvb2xraXQ__RMD5b69877e1a3aa2acb_1716870276.380",server,"1716870276.360010",0,splunkjs," | summary _exp_draft_af28b737dfa24888a66c15d93652d10e | `histogram(cardinality, 10)`","",0,0,0,1716870276,1,"faaf46ee-662f-4d4b-80cc-550c27b3ef5e",0,completed,"9.448",,,,,,,,,,,,,,,,
"admin__admin_U3BsdW5rX01MX1Rvb2xraXQ__RMD5b716087b62034449_1716870276.381",server,"1716870276.374724",0,splunkjs," | summary _exp_draft_af28b737dfa24888a66c15d93652d10e | replace ""Auto: *"" with ""*"" in type | multireport  [| where type=""Normal"" |`histogram(mean, 10)` | eval type=""Normal""] [| where type=""Exponential"" |`histogram(mean, 10)` | eval type=""Exponential""] [| where type=""Gaussian KDE"" |`histogram(mean, 10)` | eval type=""Gaussian KDE""] [| where type=""Beta"" |`histogram(mean, 10)` | eval type=""Beta""] | table mean count type","",0,0,0,1716870276,1,"bf8a4c3e-e5aa-4265-9acd-3d75d95d9627",0,completed,"10.235",,,,,,,,,,,,,,,,
"admin__admin_U3BsdW5rX01MX1Rvb2xraXQ__RMD5f6e266c8f7c6a69f_1716870276.382",server,"1716870276.431792",0,splunkjs," | summary _exp_draft_af28b737dfa24888a66c15d93652d10e | replace ""Auto: *"" with ""*"" in type | multireport  [| where type=""Normal"" |`histogram(std, 10)` | eval type=""Normal""] [| where type=""Exponential"" |`histogram(std, 10)` | eval type=""Exponential""] [| where type=""Gaussian KDE"" |`histogram(std, 10)` | eval type=""Gaussian KDE""] [| where type=""Beta"" |`histogram(std, 10)` | eval type=""Beta""] | table std count type","",0,0,0,1716870276,1,"739bc70a-6a10-46a1-96bb-cefbbcd411fc",0,completed,"10.001",,,,,,,,,,,,,,,,
"admin__admin_U3BsdW5rX01MX1Rvb2xraXQ__RMD5b32ea6271f4fcf94_1716870290.383",server,"1716870290.381009",0,splunkjs,"| `clus-fit`  | apply _exp_draft_af28b737dfa24888a66c15d93652d10e dist=auto threshold=0.1 show_density=true show_options=""feature_variables,split_by,params"" | eval _isApply=""true""","",0,0,5000,1716870290,0,"86a99cd9-13c3-4abc-b0db-96d4eeaebc2b",5000,canceled,"3.091",,,,,,,,,,,,,,,,
"admin__admin_U3BsdW5rX01MX1Rvb2xraXQ__RMD5b32ea6271f4fcf94_1716870290.384",server,"1716870290.409823",0,splunkjs,"| `clus-fit`  | apply _exp_draft_af28b737dfa24888a66c15d93652d10e dist=auto threshold=0.1 show_density=true show_options=""feature_variables,split_by,params"" | eval _isApply=""true""","",0,0,5000,1716870290,2500,"86a99cd9-13c3-4abc-b0db-96d4eeaebc2b",5000,canceled,"3.29",,,,,,,,,,,,,,,,
"admin__admin_U3BsdW5rX01MX1Rvb2xraXQ__RMD57c8dcf1f445eed94_1716870294.385",server,"1716870294.421531",0,splunkjs,"| loadjob admin__admin_U3BsdW5rX01MX1Rvb2xraXQ__RMD5b32ea6271f4fcf94_1716870290.384 | stats first(_isApply) as _isApply, sum(IsOutlier(packets_received/s)) as outlierCount by  ""interface_name"" ""source"" | sort - outlierCount | table _isApply, outlierCount, *","",0,0,0,1716870294,1,"3e66ed24-e718-4ebc-9341-d25377eb84d3",0,canceled,"0.046",,,,,,,,,,,,,,,,
"admin__admin_U3BsdW5rX01MX1Rvb2xraXQ__RMD57c8dcf1f445eed94_1716870294.386",server,"1716870294.450502",0,splunkjs,"| loadjob admin__admin_U3BsdW5rX01MX1Rvb2xraXQ__RMD5b32ea6271f4fcf94_1716870290.384 | stats first(_isApply) as _isApply, sum(IsOutlier(packets_received/s)) as outlierCount by  ""interface_name"" ""source"" | sort - outlierCount | table _isApply, outlierCount, *","",0,0,0,1716870294,1,"3e66ed24-e718-4ebc-9341-d25377eb84d3",0,canceled,"0.056",,,,,,,,,,,,,,,,
"admin__admin_U3BsdW5rX01MX1Rvb2xraXQ__RMD5b32ea6271f4fcf94_1716870307.387",server,"1716870307.234834",0,splunkjs,"| `clus-fit`  | apply _exp_draft_af28b737dfa24888a66c15d93652d10e dist=auto threshold=0.0091 show_density=true show_options=""feature_variables,split_by,params"" | eval _isApply=""true""","",0,0,0,1716870307,0,"86a99cd9-13c3-4abc-b0db-96d4eeaebc2b",0,canceled,"3.016",,,,,,,,,,,,,,,,
"admin__admin_U3BsdW5rX01MX1Rvb2xraXQ__RMD5b32ea6271f4fcf94_1716870307.388",server,"1716870307.284775",0,splunkjs,"| `clus-fit`  | apply _exp_draft_af28b737dfa24888a66c15d93652d10e dist=auto threshold=0.0091 show_density=true show_options=""feature_variables,split_by,params"" | eval _isApply=""true""","",0,0,5000,1716870307,2500,"86a99cd9-13c3-4abc-b0db-96d4eeaebc2b",5000,completed,"3.277",,,,,,,,,,,,,,,,
"admin__admin_U3BsdW5rX01MX1Rvb2xraXQ__RMD57c8dcf1f445eed94_1716870311.389",server,"1716870311.493657",0,splunkjs,"| loadjob admin__admin_U3BsdW5rX01MX1Rvb2xraXQ__RMD5b32ea6271f4fcf94_1716870307.388 | stats first(_isApply) as _isApply, sum(IsOutlier(packets_received/s)) as outlierCount by  ""interface_name"" ""source"" | sort - outlierCount | table _isApply, outlierCount, *","",0,0,0,1716870311,1,"3e66ed24-e718-4ebc-9341-d25377eb84d3",0,canceled,"0.048",,,,,,,,,,,,,,,,
"admin__admin_U3BsdW5rX01MX1Rvb2xraXQ__RMD57c8dcf1f445eed94_1716870311.390",server,"1716870311.531287",0,splunkjs,"| loadjob admin__admin_U3BsdW5rX01MX1Rvb2xraXQ__RMD5b32ea6271f4fcf94_1716870307.388 | stats first(_isApply) as _isApply, sum(IsOutlier(packets_received/s)) as outlierCount by  ""interface_name"" ""source"" | sort - outlierCount | table _isApply, outlierCount, *","",0,0,0,1716870311,1,"3e66ed24-e718-4ebc-9341-d25377eb84d3",0,completed,"0.055",,,,,,,,,,,,,,,,
"admin__admin_U3BsdW5rX01MX1Rvb2xraXQ__RMD5b32ea6271f4fcf94_1716870321.391",server,"1716870321.031490",0,splunkjs,"| `clus-fit`  | apply _exp_draft_af28b737dfa24888a66c15d93652d10e dist=auto threshold=0.017 show_density=true show_options=""feature_variables,split_by,params"" | eval _isApply=""true""","",0,0,5000,1716870321,0,"86a99cd9-13c3-4abc-b0db-96d4eeaebc2b",5000,canceled,"3.162",,,,,,,,,,,,,,,,
"admin__admin_U3BsdW5rX01MX1Rvb2xraXQ__RMD5b32ea6271f4fcf94_1716870321.392",server,"1716870321.066711",0,splunkjs,"| `clus-fit`  | apply _exp_draft_af28b737dfa24888a66c15d93652d10e dist=auto threshold=0.017 show_density=true show_options=""feature_variables,split_by,params"" | eval _isApply=""true""","",0,0,5000,1716870321,2500,"86a99cd9-13c3-4abc-b0db-96d4eeaebc2b",5000,completed,"3.289",,,,,,,,,,,,,,,,
"admin__admin_U3BsdW5rX01MX1Rvb2xraXQ__RMD57c8dcf1f445eed94_1716870325.393",server,"1716870325.096131",0,splunkjs,"| loadjob admin__admin_U3BsdW5rX01MX1Rvb2xraXQ__RMD5b32ea6271f4fcf94_1716870321.392 | stats first(_isApply) as _isApply, sum(IsOutlier(packets_received/s)) as outlierCount by  ""interface_name"" ""source"" | sort - outlierCount | table _isApply, outlierCount, *","",0,0,0,1716870325,1,"3e66ed24-e718-4ebc-9341-d25377eb84d3",0,canceled,"0.047",,,,,,,,,,,,,,,,
"admin__admin_U3BsdW5rX01MX1Rvb2xraXQ__RMD57c8dcf1f445eed94_1716870325.394",server,"1716870325.118180",0,splunkjs,"| loadjob admin__admin_U3BsdW5rX01MX1Rvb2xraXQ__RMD5b32ea6271f4fcf94_1716870321.392 | stats first(_isApply) as _isApply, sum(IsOutlier(packets_received/s)) as outlierCount by  ""interface_name"" ""source"" | sort - outlierCount | table _isApply, outlierCount, *","",0,0,0,1716870325,1,"3e66ed24-e718-4ebc-9341-d25377eb84d3",0,completed,"0.053",,,,,,,,,,,,,,,,
"admin__admin_U3BsdW5rX01MX1Rvb2xraXQ__RMD54308b819c04aefe3_1716870754.395",server,"1716870754.333235",0,splunkjs," | `clus-fit`",smart,0,0,5000,1716870754,2500,"f6ef8b07-9ac6-4b5e-8c9a-de2b0e7b8ecf",5000,completed,"0.068",,,,,,,,,,,,,,,,
"admin__admin_U3BsdW5rX01MX1Rvb2xraXQ__RMD5a01de521db805a1b_1716870770.396",server,"1716870770.018123",0,splunkjs,"| `clus-fit`  | fit DensityFunction ""packets_received/s"" by ""interface_name,source"" dist=auto threshold=0.017 show_density=true show_options=""feature_variables,split_by,params"" into ""_exp_draft_af28b737dfa24888a66c15d93652d10e""","",0,0,5000,1716870770,2500,"048acbeb-61d9-45e7-9749-f116e2bfc980",5000,completed,"3.115",,,,,,,,,,,,,,,,
"admin__admin_U3BsdW5rX01MX1Rvb2xraXQ__RMD57c8dcf1f445eed94_1716870774.399",server,"1716870774.637816",0,splunkjs,"| loadjob admin__admin_U3BsdW5rX01MX1Rvb2xraXQ__RMD5a01de521db805a1b_1716870770.396 | stats first(_isApply) as _isApply, sum(IsOutlier(packets_received/s)) as outlierCount by  ""interface_name"" ""source"" | sort - outlierCount | table _isApply, outlierCount, *","",0,0,0,1716870774,1,"3e66ed24-e718-4ebc-9341-d25377eb84d3",0,canceled,"0.107",,,,,,,,,,,,,,,,
"admin__admin_U3BsdW5rX01MX1Rvb2xraXQ__RMD5cfd5c4260f341daf_1716870774.400",server,"1716870774.715767",0,splunkjs," | summary _exp_draft_af28b737dfa24888a66c15d93652d10e","",0,0,0,1716870774,1,"ca69ce88-44ac-4abb-aad0-f015ac9e2cdf",0,completed,"5.871",,,,,,,,,,,,,,,,
"admin__admin_U3BsdW5rX01MX1Rvb2xraXQ__RMD5b69877e1a3aa2acb_1716870774.401",server,"1716870774.725884",0,splunkjs," | summary _exp_draft_af28b737dfa24888a66c15d93652d10e | `histogram(cardinality, 10)`","",0,0,0,1716870774,1,"faaf46ee-662f-4d4b-80cc-550c27b3ef5e",0,completed,"6.04",,,,,,,,,,,,,,,,
"admin__admin_U3BsdW5rX01MX1Rvb2xraXQ__RMD5b716087b62034449_1716870774.402",server,"1716870774.735286",0,splunkjs," | summary _exp_draft_af28b737dfa24888a66c15d93652d10e | replace ""Auto: *"" with ""*"" in type | multireport  [| where type=""Normal"" |`histogram(mean, 10)` | eval type=""Normal""] [| where type=""Exponential"" |`histogram(mean, 10)` | eval type=""Exponential""] [| where type=""Gaussian KDE"" |`histogram(mean, 10)` | eval type=""Gaussian KDE""] [| where type=""Beta"" |`histogram(mean, 10)` | eval type=""Beta""] | table mean count type","",0,0,0,1716870774,1,"bf8a4c3e-e5aa-4265-9acd-3d75d95d9627",0,completed,"7.367",,,,,,,,,,,,,,,,
"admin__admin_U3BsdW5rX01MX1Rvb2xraXQ__RMD5f6e266c8f7c6a69f_1716870774.403",server,"1716870774.803665",0,splunkjs," | summary _exp_draft_af28b737dfa24888a66c15d93652d10e | replace ""Auto: *"" with ""*"" in type | multireport  [| where type=""Normal"" |`histogram(std, 10)` | eval type=""Normal""] [| where type=""Exponential"" |`histogram(std, 10)` | eval type=""Exponential""] [| where type=""Gaussian KDE"" |`histogram(std, 10)` | eval type=""Gaussian KDE""] [| where type=""Beta"" |`histogram(std, 10)` | eval type=""Beta""] | table std count type","",0,0,0,1716870774,1,"739bc70a-6a10-46a1-96bb-cefbbcd411fc",0,completed,"7.292",,,,,,,,,,,,,,,,
"admin__admin_U3BsdW5rX01MX1Rvb2xraXQ__RMD57c8dcf1f445eed94_1716870774.404",server,"1716870774.812081",0,splunkjs,"| loadjob admin__admin_U3BsdW5rX01MX1Rvb2xraXQ__RMD5a01de521db805a1b_1716870770.396 | stats first(_isApply) as _isApply, sum(IsOutlier(packets_received/s)) as outlierCount by  ""interface_name"" ""source"" | sort - outlierCount | table _isApply, outlierCount, *","",0,0,0,1716870774,1,"3e66ed24-e718-4ebc-9341-d25377eb84d3",0,completed,"0.151",,,,,,,,,,,,,,,,
"admin__admin_U3BsdW5rX01MX1Rvb2xraXQ__RMD568c4950004eb21d1_1716905288.484",server,"1716905288.421057",0,splunkjs," | `clus-fit`","",0,0,5000,1716905288,2500,"9ad749f5-542f-4e75-ab53-65fcbc996f1d",5000,canceled,"0.131",,,,,,,,,,,,,,,,
"admin__admin_U3BsdW5rX01MX1Rvb2xraXQ__RMD568c4950004eb21d1_1716905288.485",server,"1716905288.441277",0,splunkjs," | `clus-fit`","",0,0,0,1716905288,0,"9ad749f5-542f-4e75-ab53-65fcbc996f1d",0,canceled,"0.11",,,,,,,,,,,,,,,,
"admin__admin_U3BsdW5rX01MX1Rvb2xraXQ__RMD568c4950004eb21d1_1716905288.486",server,"1716905288.482802",0,splunkjs," | `clus-fit`",smart,0,0,5000,1716905288,2500,"9ad749f5-542f-4e75-ab53-65fcbc996f1d",5000,completed,"0.136",,,,,,,,,,,,,,,,
"admin__admin_U3BsdW5rX01MX1Rvb2xraXQ__RMD5d0a9f8ef77ab1811_1716905336.487",server,"1716905336.674800",0,splunkjs,"| `clus-fit`  | fit DensityFunction ""packets_received/s"" by ""interface_name,source"" dist=auto threshold=0.017 show_density=true show_options=""feature_variables,split_by,params"" into ""_exp_draft_af28b737dfa24888a66c15d93652d10e""","",0,0,0,1716905336,0,"1e3f083d-7471-485c-84ad-472043685496",0,canceled,"3.093",,,,,,,,,,,,,,,,
"admin__admin_U3BsdW5rX01MX1Rvb2xraXQ__RMD5d0a9f8ef77ab1811_1716905336.488",server,"1716905336.719517",0,splunkjs,"| `clus-fit`  | fit DensityFunction ""packets_received/s"" by ""interface_name,source"" dist=auto threshold=0.017 show_density=true show_options=""feature_variables,split_by,params"" into ""_exp_draft_af28b737dfa24888a66c15d93652d10e""","",0,0,5000,1716905336,2500,"1e3f083d-7471-485c-84ad-472043685496",5000,completed,"4.2860000000000005",,,,,,,,,,,,,,,,
"admin__admin_U3BsdW5rX01MX1Rvb2xraXQ__RMD5125b392930bd3def_1716905342.489",server,"1716905342.337307",0,splunkjs,"| loadjob admin__admin_U3BsdW5rX01MX1Rvb2xraXQ__RMD5d0a9f8ef77ab1811_1716905336.488 | stats first(_isApply) as _isApply, sum(IsOutlier(packets_received/s)) as outlierCount by  ""interface_name"" ""source"" | sort - outlierCount | table _isApply, outlierCount, *","",0,0,0,1716905342,1,"05fe3a7c-7815-41fd-81ac-e028c2c906ba",0,canceled,"0.212",,,,,,,,,,,,,,,,
"admin__admin_U3BsdW5rX01MX1Rvb2xraXQ__RMD53aa15802012fecf8_1716905342.490",server,"1716905342.341528",0,splunkjs," | summary _exp_draft_af28b737dfa24888a66c15d93652d10e","",0,0,0,1716905342,0,"6a4a8279-9a47-4a63-96e0-9ba7e8def19d",0,canceled,"6.893",,,,,,,,,,,,,,,,
"admin__admin_U3BsdW5rX01MX1Rvb2xraXQ__RMD5a8f24d17292ad3ab_1716905342.491",server,"1716905342.347802",0,splunkjs," | summary _exp_draft_af28b737dfa24888a66c15d93652d10e | `histogram(cardinality, 10)`","",0,0,0,1716905342,0,"c9e47fad-c27d-4f1e-ab1f-f09d05568bfd",0,canceled,"6.941",,,,,,,,,,,,,,,,
"admin__admin_U3BsdW5rX01MX1Rvb2xraXQ__RMD5846fb00061c56298_1716905342.492",server,"1716905342.359497",0,splunkjs," | summary _exp_draft_af28b737dfa24888a66c15d93652d10e | replace ""Auto: *"" with ""*"" in type | multireport  [| where type=""Normal"" |`histogram(mean, 10)` | eval type=""Normal""] [| where type=""Exponential"" |`histogram(mean, 10)` | eval type=""Exponential""] [| where type=""Gaussian KDE"" |`histogram(mean, 10)` | eval type=""Gaussian KDE""] [| where type=""Beta"" |`histogram(mean, 10)` | eval type=""Beta""] | table mean count type","",0,0,0,1716905342,0,"36c36376-ebb4-442f-bff5-23d03b4cd599",0,canceled,"8.647",,,,,,,,,,,,,,,,
"admin__admin_U3BsdW5rX01MX1Rvb2xraXQ__RMD5bb045b7703702d9a_1716905342.493",server,"1716905342.367007",0,splunkjs," | summary _exp_draft_af28b737dfa24888a66c15d93652d10e | replace ""Auto: *"" with ""*"" in type | multireport  [| where type=""Normal"" |`histogram(std, 10)` | eval type=""Normal""] [| where type=""Exponential"" |`histogram(std, 10)` | eval type=""Exponential""] [| where type=""Gaussian KDE"" |`histogram(std, 10)` | eval type=""Gaussian KDE""] [| where type=""Beta"" |`histogram(std, 10)` | eval type=""Beta""] | table std count type","",0,0,0,1716905342,0,"430b29e9-3de2-4eed-9cca-f93e745bd582",0,canceled,"8.507",,,,,,,,,,,,,,,,
"admin__admin_U3BsdW5rX01MX1Rvb2xraXQ__RMD5125b392930bd3def_1716905342.494",server,"1716905342.437247",0,splunkjs,"| loadjob admin__admin_U3BsdW5rX01MX1Rvb2xraXQ__RMD5d0a9f8ef77ab1811_1716905336.488 | stats first(_isApply) as _isApply, sum(IsOutlier(packets_received/s)) as outlierCount by  ""interface_name"" ""source"" | sort - outlierCount | table _isApply, outlierCount, *","",0,0,0,1716905342,1,"05fe3a7c-7815-41fd-81ac-e028c2c906ba",0,completed,"0.226",,,,,,,,,,,,,,,,
"admin__admin_U3BsdW5rX01MX1Rvb2xraXQ__RMD53aa15802012fecf8_1716905342.495",server,"1716905342.621009",0,splunkjs," | summary _exp_draft_af28b737dfa24888a66c15d93652d10e","",0,0,0,1716905342,1,"6a4a8279-9a47-4a63-96e0-9ba7e8def19d",0,completed,"9.358",,,,,,,,,,,,,,,,
"admin__admin_U3BsdW5rX01MX1Rvb2xraXQ__RMD5a8f24d17292ad3ab_1716905342.496",server,"1716905342.629119",0,splunkjs," | summary _exp_draft_af28b737dfa24888a66c15d93652d10e | `histogram(cardinality, 10)`","",0,0,0,1716905342,1,"c9e47fad-c27d-4f1e-ab1f-f09d05568bfd",0,completed,"9.563",,,,,,,,,,,,,,,,
"admin__admin_U3BsdW5rX01MX1Rvb2xraXQ__RMD5846fb00061c56298_1716905342.497",server,"1716905342.636974",0,splunkjs," | summary _exp_draft_af28b737dfa24888a66c15d93652d10e | replace ""Auto: *"" with ""*"" in type | multireport  [| where type=""Normal"" |`histogram(mean, 10)` | eval type=""Normal""] [| where type=""Exponential"" |`histogram(mean, 10)` | eval type=""Exponential""] [| where type=""Gaussian KDE"" |`histogram(mean, 10)` | eval type=""Gaussian KDE""] [| where type=""Beta"" |`histogram(mean, 10)` | eval type=""Beta""] | table mean count type","",0,0,0,1716905342,1,"36c36376-ebb4-442f-bff5-23d03b4cd599",0,completed,"10.084",,,,,,,,,,,,,,,,
"admin__admin_U3BsdW5rX01MX1Rvb2xraXQ__RMD5bb045b7703702d9a_1716905342.498",server,"1716905342.649265",0,splunkjs," | summary _exp_draft_af28b737dfa24888a66c15d93652d10e | replace ""Auto: *"" with ""*"" in type | multireport  [| where type=""Normal"" |`histogram(std, 10)` | eval type=""Normal""] [| where type=""Exponential"" |`histogram(std, 10)` | eval type=""Exponential""] [| where type=""Gaussian KDE"" |`histogram(std, 10)` | eval type=""Gaussian KDE""] [| where type=""Beta"" |`histogram(std, 10)` | eval type=""Beta""] | table std count type","",0,0,0,1716905342,1,"430b29e9-3de2-4eed-9cca-f93e745bd582",0,completed,"10.005",,,,,,,,,,,,,,,,
"admin__admin_U3BsdW5rX01MX1Rvb2xraXQ__RMD5d0a9f8ef77ab1811_1716923778.553",server,"1716923778.528125",0,splunkjs,"| `clus-fit`  | fit DensityFunction ""packets_received/s"" by ""interface_name,source"" dist=auto threshold=0.017 show_density=true show_options=""feature_variables,split_by,params"" into ""_exp_draft_af28b737dfa24888a66c15d93652d10e""","",0,0,5000,1716923778,2500,"1e3f083d-7471-485c-84ad-472043685496",5000,canceled,"3.351",,,,,,,,,,,,,,,,
"admin__admin_U3BsdW5rX01MX1Rvb2xraXQ__RMD5125b392930bd3def_1716923782.554",server,"1716923782.903515",0,splunkjs,"| loadjob admin__admin_U3BsdW5rX01MX1Rvb2xraXQ__RMD5d0a9f8ef77ab1811_1716923778.553 | stats first(_isApply) as _isApply, sum(IsOutlier(packets_received/s)) as outlierCount by  ""interface_name"" ""source"" | sort - outlierCount | table _isApply, outlierCount, *","",0,0,0,1716923782,1,"05fe3a7c-7815-41fd-81ac-e028c2c906ba",0,canceled,"0.091",,,,,,,,,,,,,,,,
"admin__admin_U3BsdW5rX01MX1Rvb2xraXQ__RMD53aa15802012fecf8_1716923782.555",server,"1716923782.986528",0,splunkjs," | summary _exp_draft_af28b737dfa24888a66c15d93652d10e","",0,0,0,1716923783,1,"6a4a8279-9a47-4a63-96e0-9ba7e8def19d",0,canceled,"6.072",,,,,,,,,,,,,,,,
"admin__admin_U3BsdW5rX01MX1Rvb2xraXQ__RMD5a8f24d17292ad3ab_1716923782.556",server,"1716923782.997779",0,splunkjs," | summary _exp_draft_af28b737dfa24888a66c15d93652d10e | `histogram(cardinality, 10)`","",0,0,0,1716923783,1,"c9e47fad-c27d-4f1e-ab1f-f09d05568bfd",0,canceled,"5.872",,,,,,,,,,,,,,,,
"admin__admin_U3BsdW5rX01MX1Rvb2xraXQ__RMD5846fb00061c56298_1716923783.557",server,"1716923783.008680",0,splunkjs," | summary _exp_draft_af28b737dfa24888a66c15d93652d10e | replace ""Auto: *"" with ""*"" in type | multireport  [| where type=""Normal"" |`histogram(mean, 10)` | eval type=""Normal""] [| where type=""Exponential"" |`histogram(mean, 10)` | eval type=""Exponential""] [| where type=""Gaussian KDE"" |`histogram(mean, 10)` | eval type=""Gaussian KDE""] [| where type=""Beta"" |`histogram(mean, 10)` | eval type=""Beta""] | table mean count type","",0,0,0,1716923783,1,"36c36376-ebb4-442f-bff5-23d03b4cd599",0,canceled,"6.567",,,,,,,,,,,,,,,,
"admin__admin_U3BsdW5rX01MX1Rvb2xraXQ__RMD5bb045b7703702d9a_1716923783.558",server,"1716923783.080114",0,splunkjs," | summary _exp_draft_af28b737dfa24888a66c15d93652d10e | replace ""Auto: *"" with ""*"" in type | multireport  [| where type=""Normal"" |`histogram(std, 10)` | eval type=""Normal""] [| where type=""Exponential"" |`histogram(std, 10)` | eval type=""Exponential""] [| where type=""Gaussian KDE"" |`histogram(std, 10)` | eval type=""Gaussian KDE""] [| where type=""Beta"" |`histogram(std, 10)` | eval type=""Beta""] | table std count type","",0,0,0,1716923783,1,"430b29e9-3de2-4eed-9cca-f93e745bd582",0,canceled,"6.783",,,,,,,,,,,,,,,,
"admin__admin_U3BsdW5rX01MX1Rvb2xraXQ__RMD5125b392930bd3def_1716923783.559",server,"1716923783.085335",0,splunkjs,"| loadjob admin__admin_U3BsdW5rX01MX1Rvb2xraXQ__RMD5d0a9f8ef77ab1811_1716923778.553 | stats first(_isApply) as _isApply, sum(IsOutlier(packets_received/s)) as outlierCount by  ""interface_name"" ""source"" | sort - outlierCount | table _isApply, outlierCount, *","",0,0,0,1716923783,1,"05fe3a7c-7815-41fd-81ac-e028c2c906ba",0,canceled,"0.076",,,,,,,,,,,,,,,,
"admin__admin_U3BsdW5rX01MX1Rvb2xraXQ__RMD5d0a9f8ef77ab1811_1716923793.560",server,"1716923793.629372",0,splunkjs,"| `clus-fit`  | fit DensityFunction ""packets_received/s"" by ""interface_name,source"" dist=auto threshold=0.017 show_density=true show_options=""feature_variables,split_by,params"" into ""_exp_draft_af28b737dfa24888a66c15d93652d10e""","",0,0,5000,1716923793,2500,"1e3f083d-7471-485c-84ad-472043685496",5000,completed,"3.331",,,,,,,,,,,,,,,,
"admin__admin_U3BsdW5rX01MX1Rvb2xraXQ__RMD5125b392930bd3def_1716923797.561",server,"1716923797.644078",0,splunkjs,"| loadjob admin__admin_U3BsdW5rX01MX1Rvb2xraXQ__RMD5d0a9f8ef77ab1811_1716923793.560 | stats first(_isApply) as _isApply, sum(IsOutlier(packets_received/s)) as outlierCount by  ""interface_name"" ""source"" | sort - outlierCount | table _isApply, outlierCount, *","",0,0,0,1716923797,1,"05fe3a7c-7815-41fd-81ac-e028c2c906ba",0,canceled,"0.11800000000000001",,,,,,,,,,,,,,,,
"admin__admin_U3BsdW5rX01MX1Rvb2xraXQ__RMD53aa15802012fecf8_1716923797.562",server,"1716923797.653683",0,splunkjs," | summary _exp_draft_af28b737dfa24888a66c15d93652d10e","",0,0,0,1716923797,1,"6a4a8279-9a47-4a63-96e0-9ba7e8def19d",0,completed,"5.757000000000001",,,,,,,,,,,,,,,,
"admin__admin_U3BsdW5rX01MX1Rvb2xraXQ__RMD5a8f24d17292ad3ab_1716923797.563",server,"1716923797.665131",0,splunkjs," | summary _exp_draft_af28b737dfa24888a66c15d93652d10e | `histogram(cardinality, 10)`","",0,0,0,1716923797,1,"c9e47fad-c27d-4f1e-ab1f-f09d05568bfd",0,completed,"5.66",,,,,,,,,,,,,,,,
"admin__admin_U3BsdW5rX01MX1Rvb2xraXQ__RMD5846fb00061c56298_1716923797.564",server,"1716923797.741426",0,splunkjs," | summary _exp_draft_af28b737dfa24888a66c15d93652d10e | replace ""Auto: *"" with ""*"" in type | multireport  [| where type=""Normal"" |`histogram(mean, 10)` | eval type=""Normal""] [| where type=""Exponential"" |`histogram(mean, 10)` | eval type=""Exponential""] [| where type=""Gaussian KDE"" |`histogram(mean, 10)` | eval type=""Gaussian KDE""] [| where type=""Beta"" |`histogram(mean, 10)` | eval type=""Beta""] | table mean count type","",0,0,0,1716923797,1,"36c36376-ebb4-442f-bff5-23d03b4cd599",0,completed,"6.114",,,,,,,,,,,,,,,,
"admin__admin_U3BsdW5rX01MX1Rvb2xraXQ__RMD5bb045b7703702d9a_1716923797.565",server,"1716923797.754775",0,splunkjs," | summary _exp_draft_af28b737dfa24888a66c15d93652d10e | replace ""Auto: *"" with ""*"" in type | multireport  [| where type=""Normal"" |`histogram(std, 10)` | eval type=""Normal""] [| where type=""Exponential"" |`histogram(std, 10)` | eval type=""Exponential""] [| where type=""Gaussian KDE"" |`histogram(std, 10)` | eval type=""Gaussian KDE""] [| where type=""Beta"" |`histogram(std, 10)` | eval type=""Beta""] | table std count type","",0,0,0,1716923797,1,"430b29e9-3de2-4eed-9cca-f93e745bd582",0,completed,"6.041",,,,,,,,,,,,,,,,
"admin__admin_U3BsdW5rX01MX1Rvb2xraXQ__RMD5125b392930bd3def_1716923797.566",server,"1716923797.759132",0,splunkjs,"| loadjob admin__admin_U3BsdW5rX01MX1Rvb2xraXQ__RMD5d0a9f8ef77ab1811_1716923793.560 | stats first(_isApply) as _isApply, sum(IsOutlier(packets_received/s)) as outlierCount by  ""interface_name"" ""source"" | sort - outlierCount | table _isApply, outlierCount, *","",0,0,0,1716923797,1,"05fe3a7c-7815-41fd-81ac-e028c2c906ba",0,completed,"0.156",,,,,,,,,,,,,,,,
"admin__admin_U3BsdW5rX01MX1Rvb2xraXQ__RMD568c4950004eb21d1_1716923815.567",server,"1716923815.530888",0,splunkjs," | `clus-fit`",smart,0,0,5000,1716923815,2500,"9ad749f5-542f-4e75-ab53-65fcbc996f1d",5000,completed,"0.1",,,,,,,,,,,,,,,,
"admin__admin_U3BsdW5rX01MX1Rvb2xraXQ__RMD5d0a9f8ef77ab1811_1716923822.569",server,"1716923822.509451",0,splunkjs,"| `clus-fit`  | fit DensityFunction ""packets_received/s"" by ""interface_name,source"" dist=auto threshold=0.017 show_density=true show_options=""feature_variables,split_by,params"" into ""_exp_draft_af28b737dfa24888a66c15d93652d10e""","",0,0,5000,1716923822,2500,"1e3f083d-7471-485c-84ad-472043685496",5000,completed,"3.267",,,,,,,,,,,,,,,,
"admin__admin_U3BsdW5rX01MX1Rvb2xraXQ__RMD5125b392930bd3def_1716923827.570",server,"1716923827.799299",0,splunkjs,"| loadjob admin__admin_U3BsdW5rX01MX1Rvb2xraXQ__RMD5d0a9f8ef77ab1811_1716923822.569 | stats first(_isApply) as _isApply, sum(IsOutlier(packets_received/s)) as outlierCount by  ""interface_name"" ""source"" | sort - outlierCount | table _isApply, outlierCount, *","",0,0,0,1716923827,1,"05fe3a7c-7815-41fd-81ac-e028c2c906ba",0,canceled,"0.062",,,,,,,,,,,,,,,,
"admin__admin_U3BsdW5rX01MX1Rvb2xraXQ__RMD53aa15802012fecf8_1716923827.571",server,"1716923827.809554",0,splunkjs," | summary _exp_draft_af28b737dfa24888a66c15d93652d10e","",0,0,0,1716923827,1,"6a4a8279-9a47-4a63-96e0-9ba7e8def19d",0,completed,"5.023",,,,,,,,,,,,,,,,
"admin__admin_U3BsdW5rX01MX1Rvb2xraXQ__RMD5a8f24d17292ad3ab_1716923827.572",server,"1716923827.819489",0,splunkjs," | summary _exp_draft_af28b737dfa24888a66c15d93652d10e | `histogram(cardinality, 10)`","",0,0,0,1716923827,1,"c9e47fad-c27d-4f1e-ab1f-f09d05568bfd",0,completed,"5.2620000000000005",,,,,,,,,,,,,,,,
"admin__admin_U3BsdW5rX01MX1Rvb2xraXQ__RMD5846fb00061c56298_1716923828.573",server,"1716923828.103701",0,splunkjs," | summary _exp_draft_af28b737dfa24888a66c15d93652d10e | replace ""Auto: *"" with ""*"" in type | multireport  [| where type=""Normal"" |`histogram(mean, 10)` | eval type=""Normal""] [| where type=""Exponential"" |`histogram(mean, 10)` | eval type=""Exponential""] [| where type=""Gaussian KDE"" |`histogram(mean, 10)` | eval type=""Gaussian KDE""] [| where type=""Beta"" |`histogram(mean, 10)` | eval type=""Beta""] | table mean count type","",0,0,0,1716923828,1,"36c36376-ebb4-442f-bff5-23d03b4cd599",0,completed,"5.962",,,,,,,,,,,,,,,,
"admin__admin_U3BsdW5rX01MX1Rvb2xraXQ__RMD5bb045b7703702d9a_1716923828.574",server,"1716923828.117584",0,splunkjs," | summary _exp_draft_af28b737dfa24888a66c15d93652d10e | replace ""Auto: *"" with ""*"" in type | multireport  [| where type=""Normal"" |`histogram(std, 10)` | eval type=""Normal""] [| where type=""Exponential"" |`histogram(std, 10)` | eval type=""Exponential""] [| where type=""Gaussian KDE"" |`histogram(std, 10)` | eval type=""Gaussian KDE""] [| where type=""Beta"" |`histogram(std, 10)` | eval type=""Beta""] | table std count type","",0,0,0,1716923828,1,"430b29e9-3de2-4eed-9cca-f93e745bd582",0,completed,"5.867",,,,,,,,,,,,,,,,
"admin__admin_U3BsdW5rX01MX1Rvb2xraXQ__RMD5125b392930bd3def_1716923828.575",server,"1716923828.121138",0,splunkjs,"| loadjob admin__admin_U3BsdW5rX01MX1Rvb2xraXQ__RMD5d0a9f8ef77ab1811_1716923822.569 | stats first(_isApply) as _isApply, sum(IsOutlier(packets_received/s)) as outlierCount by  ""interface_name"" ""source"" | sort - outlierCount | table _isApply, outlierCount, *","",0,0,0,1716923828,1,"05fe3a7c-7815-41fd-81ac-e028c2c906ba",0,completed,"0.129",,,,,,,,,,,,,,,,
"admin__admin_U3BsdW5rX01MX1Rvb2xraXQ__RMD57638a11e114e1226_1716931893.596",server,"1716931893.498372",0,splunkjs," | `clus-fit`","",0,0,5000,1716931893,2500,"a4440413-695b-4aeb-9662-486351498be4",5000,canceled,"0.135",,,,,,,,,,,,,,,,
"admin__admin_U3BsdW5rX01MX1Rvb2xraXQ__RMD57638a11e114e1226_1716931893.597",server,"1716931893.513209",0,splunkjs," | `clus-fit`","",0,0,5000,1716931893,2500,"a4440413-695b-4aeb-9662-486351498be4",5000,canceled,"0.182",,,,,,,,,,,,,,,,
"admin__admin_U3BsdW5rX01MX1Rvb2xraXQ__RMD57638a11e114e1226_1716931893.598",server,"1716931893.544265",0,splunkjs," | `clus-fit`",smart,0,0,5000,1716931893,2500,"a4440413-695b-4aeb-9662-486351498be4",5000,completed,"0.125",,,,,,,,,,,,,,,,
"admin__admin_U3BsdW5rX01MX1Rvb2xraXQ__RMD5b8cf970cc8ec4483_1716931904.599",server,"1716931904.431488",0,splunkjs,"| `clus-fit`  | fit DensityFunction ""packets_received/s"" by ""interface_name,source"" dist=auto threshold=0.017 show_density=true show_options=""feature_variables,split_by,params"" into ""_exp_draft_af28b737dfa24888a66c15d93652d10e""","",0,0,0,1716931904,0,"a080777d-de37-4bc5-9d23-0c4572c553f2",0,canceled,"4.422",,,,,,,,,,,,,,,,
"admin__admin_U3BsdW5rX01MX1Rvb2xraXQ__RMD5b8cf970cc8ec4483_1716931904.600",server,"1716931904.485345",0,splunkjs,"| `clus-fit`  | fit DensityFunction ""packets_received/s"" by ""interface_name,source"" dist=auto threshold=0.017 show_density=true show_options=""feature_variables,split_by,params"" into ""_exp_draft_af28b737dfa24888a66c15d93652d10e""","",0,0,5000,1716931904,2500,"a080777d-de37-4bc5-9d23-0c4572c553f2",5000,completed,"4.942",,,,,,,,,,,,,,,,
"admin__admin_U3BsdW5rX01MX1Rvb2xraXQ__RMD5fd6be80063c7131a_1716931912.601",server,"1716931912.611716",0,splunkjs,"| loadjob admin__admin_U3BsdW5rX01MX1Rvb2xraXQ__RMD5b8cf970cc8ec4483_1716931904.600 | stats first(_isApply) as _isApply, sum(IsOutlier(packets_received/s)) as outlierCount by  ""interface_name"" ""source"" | sort - outlierCount | table _isApply, outlierCount, *","",0,0,0,1716931912,1,"50133dbe-2369-4079-8992-e6acb5735f78",0,canceled,"0.135",,,,,,,,,,,,,,,,
"admin__admin_U3BsdW5rX01MX1Rvb2xraXQ__RMD562e19c639fbabe5f_1716931912.602",server,"1716931912.623701",0,splunkjs," | summary _exp_draft_af28b737dfa24888a66c15d93652d10e","",0,0,0,1716931912,0,"408408a7-da9e-481a-943a-45417f2a2811",0,canceled,"7.707",,,,,,,,,,,,,,,,
"admin__admin_U3BsdW5rX01MX1Rvb2xraXQ__RMD51b24d053f494b0d9_1716931912.603",server,"1716931912.627405",0,splunkjs," | summary _exp_draft_af28b737dfa24888a66c15d93652d10e | `histogram(cardinality, 10)`","",0,0,0,1716931912,0,"5cf6ee8b-db9e-4436-9713-5ef97dea3e94",0,canceled,"7.485",,,,,,,,,,,,,,,,
"admin__admin_U3BsdW5rX01MX1Rvb2xraXQ__RMD525c3d173f408f733_1716931912.604",server,"1716931912.637051",0,splunkjs," | summary _exp_draft_af28b737dfa24888a66c15d93652d10e | replace ""Auto: *"" with ""*"" in type | multireport  [| where type=""Normal"" |`histogram(mean, 10)` | eval type=""Normal""] [| where type=""Exponential"" |`histogram(mean, 10)` | eval type=""Exponential""] [| where type=""Gaussian KDE"" |`histogram(mean, 10)` | eval type=""Gaussian KDE""] [| where type=""Beta"" |`histogram(mean, 10)` | eval type=""Beta""] | table mean count type","",0,0,0,1716931912,0,"7cc4905c-6a6b-4184-86dc-005abd16ecea",0,canceled,"10.337",,,,,,,,,,,,,,,,
"admin__admin_U3BsdW5rX01MX1Rvb2xraXQ__RMD5626129a2b9e1e7dd_1716931912.605",server,"1716931912.645385",0,splunkjs," | summary _exp_draft_af28b737dfa24888a66c15d93652d10e | replace ""Auto: *"" with ""*"" in type | multireport  [| where type=""Normal"" |`histogram(std, 10)` | eval type=""Normal""] [| where type=""Exponential"" |`histogram(std, 10)` | eval type=""Exponential""] [| where type=""Gaussian KDE"" |`histogram(std, 10)` | eval type=""Gaussian KDE""] [| where type=""Beta"" |`histogram(std, 10)` | eval type=""Beta""] | table std count type","",0,0,0,1716931912,0,"1a215764-0843-4b18-998d-3846e02db16e",0,canceled,"9.914",,,,,,,,,,,,,,,,
"admin__admin_U3BsdW5rX01MX1Rvb2xraXQ__RMD5fd6be80063c7131a_1716931912.606",server,"1716931912.706383",0,splunkjs,"| loadjob admin__admin_U3BsdW5rX01MX1Rvb2xraXQ__RMD5b8cf970cc8ec4483_1716931904.600 | stats first(_isApply) as _isApply, sum(IsOutlier(packets_received/s)) as outlierCount by  ""interface_name"" ""source"" | sort - outlierCount | table _isApply, outlierCount, *","",0,0,0,1716931912,1,"50133dbe-2369-4079-8992-e6acb5735f78",0,completed,"0.271",,,,,,,,,,,,,,,,
"admin__admin_U3BsdW5rX01MX1Rvb2xraXQ__RMD562e19c639fbabe5f_1716931913.607",server,"1716931913.010940",0,splunkjs," | summary _exp_draft_af28b737dfa24888a66c15d93652d10e","",0,0,0,1716931913,1,"408408a7-da9e-481a-943a-45417f2a2811",0,completed,"11.228",,,,,,,,,,,,,,,,
"admin__admin_U3BsdW5rX01MX1Rvb2xraXQ__RMD51b24d053f494b0d9_1716931913.608",server,"1716931913.014936",0,splunkjs," | summary _exp_draft_af28b737dfa24888a66c15d93652d10e | `histogram(cardinality, 10)`","",0,0,0,1716931913,1,"5cf6ee8b-db9e-4436-9713-5ef97dea3e94",0,completed,"11.16",,,,,,,,,,,,,,,,
"admin__admin_U3BsdW5rX01MX1Rvb2xraXQ__RMD525c3d173f408f733_1716931913.609",server,"1716931913.022836",0,splunkjs," | summary _exp_draft_af28b737dfa24888a66c15d93652d10e | replace ""Auto: *"" with ""*"" in type | multireport  [| where type=""Normal"" |`histogram(mean, 10)` | eval type=""Normal""] [| where type=""Exponential"" |`histogram(mean, 10)` | eval type=""Exponential""] [| where type=""Gaussian KDE"" |`histogram(mean, 10)` | eval type=""Gaussian KDE""] [| where type=""Beta"" |`histogram(mean, 10)` | eval type=""Beta""] | table mean count type","",0,0,0,1716931913,1,"7cc4905c-6a6b-4184-86dc-005abd16ecea",0,completed,"11.773",,,,,,,,,,,,,,,,
"admin__admin_U3BsdW5rX01MX1Rvb2xraXQ__RMD5626129a2b9e1e7dd_1716931913.610",server,"1716931913.032836",0,splunkjs," | summary _exp_draft_af28b737dfa24888a66c15d93652d10e | replace ""Auto: *"" with ""*"" in type | multireport  [| where type=""Normal"" |`histogram(std, 10)` | eval type=""Normal""] [| where type=""Exponential"" |`histogram(std, 10)` | eval type=""Exponential""] [| where type=""Gaussian KDE"" |`histogram(std, 10)` | eval type=""Gaussian KDE""] [| where type=""Beta"" |`histogram(std, 10)` | eval type=""Beta""] | table std count type","",0,0,0,1716931913,1,"1a215764-0843-4b18-998d-3846e02db16e",0,completed,"11.201",,,,,,,,,,,,,,,,
"admin__admin_U3BsdW5rX01MX1Rvb2xraXQ__RMD51651a13c62bea475_1716952182.716",server,"1716952182.873601",0,splunkjs," | `clus-fit`","",0,0,5000,1716952182,2500,"a3a48693-bfd9-45e6-a5d0-6e9e73592b0b",5000,canceled,"0.121",,,,,,,,,,,,,,,,
"admin__admin_U3BsdW5rX01MX1Rvb2xraXQ__RMD51651a13c62bea475_1716952182.717",server,"1716952182.889283",0,splunkjs," | `clus-fit`","",0,0,5000,1716952182,2500,"a3a48693-bfd9-45e6-a5d0-6e9e73592b0b",5000,canceled,"0.139",,,,,,,,,,,,,,,,
"admin__admin_U3BsdW5rX01MX1Rvb2xraXQ__RMD51651a13c62bea475_1716952182.718",server,"1716952182.929451",0,splunkjs," | `clus-fit`",smart,0,0,5000,1716952183,2500,"a3a48693-bfd9-45e6-a5d0-6e9e73592b0b",5000,completed,"0.11900000000000001",,,,,,,,,,,,,,,,
"admin__admin_U3BsdW5rX01MX1Rvb2xraXQ__RMD52f37dc7a702bddc9_1716952199.719",server,"1716952199.759118",0,splunkjs,"| `clus-fit`  | fit DensityFunction ""packets_received/s"" by ""interface_name,source"" dist=auto threshold=0.017 show_density=true show_options=""feature_variables,split_by,params"" into ""_exp_draft_af28b737dfa24888a66c15d93652d10e""","",0,0,5000,1716952199,0,"676f9234-e6fb-4d6d-9e86-f927a20a2c01",5000,canceled,"4.523",,,,,,,,,,,,,,,,
"admin__admin_U3BsdW5rX01MX1Rvb2xraXQ__RMD52f37dc7a702bddc9_1716952199.720",server,"1716952199.801341",0,splunkjs,"| `clus-fit`  | fit DensityFunction ""packets_received/s"" by ""interface_name,source"" dist=auto threshold=0.017 show_density=true show_options=""feature_variables,split_by,params"" into ""_exp_draft_af28b737dfa24888a66c15d93652d10e""","",0,0,5000,1716952199,2500,"676f9234-e6fb-4d6d-9e86-f927a20a2c01",5000,completed,"4.9910000000000005",,,,,,,,,,,,,,,,
"admin__admin_U3BsdW5rX01MX1Rvb2xraXQ__RMD568b067a85f1f588d_1716952206.724",server,"1716952206.856984",0,splunkjs,"| loadjob admin__admin_U3BsdW5rX01MX1Rvb2xraXQ__RMD52f37dc7a702bddc9_1716952199.720 | stats first(_isApply) as _isApply, sum(IsOutlier(packets_received/s)) as outlierCount by  ""interface_name"" ""source"" | sort - outlierCount | table _isApply, outlierCount, *","",0,0,0,1716952207,1,"782e2994-0526-40ae-943f-85c206cf40d6",0,canceled,"0.233",,,,,,,,,,,,,,,,
"admin__admin_U3BsdW5rX01MX1Rvb2xraXQ__RMD5612180b0ca52ccf5_1716952206.725",server,"1716952206.858374",0,splunkjs," | summary _exp_draft_af28b737dfa24888a66c15d93652d10e","",0,0,0,1716952207,0,"bd0d4fd1-4b11-4fa5-992f-ee10581fb01a",0,canceled,"7.0600000000000005",,,,,,,,,,,,,,,,
"admin__admin_U3BsdW5rX01MX1Rvb2xraXQ__RMD51f4446ae6916cad5_1716952206.726",server,"1716952206.860766",0,splunkjs," | summary _exp_draft_af28b737dfa24888a66c15d93652d10e | `histogram(cardinality, 10)`","",0,0,0,1716952207,0,"f9076aa5-e5dd-4bd5-9b23-ab9e80d87143",0,canceled,"6.6290000000000004",,,,,,,,,,,,,,,,
"admin__admin_U3BsdW5rX01MX1Rvb2xraXQ__RMD58d2754ab811d0c5f_1716952206.727",server,"1716952206.871881",0,splunkjs," | summary _exp_draft_af28b737dfa24888a66c15d93652d10e | replace ""Auto: *"" with ""*"" in type | multireport  [| where type=""Normal"" |`histogram(mean, 10)` | eval type=""Normal""] [| where type=""Exponential"" |`histogram(mean, 10)` | eval type=""Exponential""] [| where type=""Gaussian KDE"" |`histogram(mean, 10)` | eval type=""Gaussian KDE""] [| where type=""Beta"" |`histogram(mean, 10)` | eval type=""Beta""] | table mean count type","",0,0,0,1716952207,0,"1b5d7592-d51f-4256-9ef9-2be8f22e905d",0,canceled,"9.511000000000001",,,,,,,,,,,,,,,,
"admin__admin_U3BsdW5rX01MX1Rvb2xraXQ__RMD5d2da874d11de56b5_1716952206.728",server,"1716952206.884146",0,splunkjs," | summary _exp_draft_af28b737dfa24888a66c15d93652d10e | replace ""Auto: *"" with ""*"" in type | multireport  [| where type=""Normal"" |`histogram(std, 10)` | eval type=""Normal""] [| where type=""Exponential"" |`histogram(std, 10)` | eval type=""Exponential""] [| where type=""Gaussian KDE"" |`histogram(std, 10)` | eval type=""Gaussian KDE""] [| where type=""Beta"" |`histogram(std, 10)` | eval type=""Beta""] | table std count type","",0,0,0,1716952207,0,"898df7ad-6a34-48dd-91c3-2a52df54861b",0,canceled,"9.138",,,,,,,,,,,,,,,,
"admin__admin_U3BsdW5rX01MX1Rvb2xraXQ__RMD568b067a85f1f588d_1716952206.729",server,"1716952206.955252",0,splunkjs,"| loadjob admin__admin_U3BsdW5rX01MX1Rvb2xraXQ__RMD52f37dc7a702bddc9_1716952199.720 | stats first(_isApply) as _isApply, sum(IsOutlier(packets_received/s)) as outlierCount by  ""interface_name"" ""source"" | sort - outlierCount | table _isApply, outlierCount, *","",0,0,0,1716952207,1,"782e2994-0526-40ae-943f-85c206cf40d6",0,completed,"0.212",,,,,,,,,,,,,,,,
"admin__admin_U3BsdW5rX01MX1Rvb2xraXQ__RMD5612180b0ca52ccf5_1716952207.730",server,"1716952207.159679",0,splunkjs," | summary _exp_draft_af28b737dfa24888a66c15d93652d10e","",0,0,0,1716952207,1,"bd0d4fd1-4b11-4fa5-992f-ee10581fb01a",0,completed,"11.011000000000001",,,,,,,,,,,,,,,,
"admin__admin_U3BsdW5rX01MX1Rvb2xraXQ__RMD51f4446ae6916cad5_1716952207.731",server,"1716952207.164618",0,splunkjs," | summary _exp_draft_af28b737dfa24888a66c15d93652d10e | `histogram(cardinality, 10)`","",0,0,0,1716952207,1,"f9076aa5-e5dd-4bd5-9b23-ab9e80d87143",0,completed,"10.786",,,,,,,,,,,,,,,,
"admin__admin_U3BsdW5rX01MX1Rvb2xraXQ__RMD58d2754ab811d0c5f_1716952207.732",server,"1716952207.173136",0,splunkjs," | summary _exp_draft_af28b737dfa24888a66c15d93652d10e | replace ""Auto: *"" with ""*"" in type | multireport  [| where type=""Normal"" |`histogram(mean, 10)` | eval type=""Normal""] [| where type=""Exponential"" |`histogram(mean, 10)` | eval type=""Exponential""] [| where type=""Gaussian KDE"" |`histogram(mean, 10)` | eval type=""Gaussian KDE""] [| where type=""Beta"" |`histogram(mean, 10)` | eval type=""Beta""] | table mean count type","",0,0,0,1716952207,1,"1b5d7592-d51f-4256-9ef9-2be8f22e905d",0,completed,"11.027000000000001",,,,,,,,,,,,,,,,
"admin__admin_U3BsdW5rX01MX1Rvb2xraXQ__RMD5d2da874d11de56b5_1716952207.733",server,"1716952207.183624",0,splunkjs," | summary _exp_draft_af28b737dfa24888a66c15d93652d10e | replace ""Auto: *"" with ""*"" in type | multireport  [| where type=""Normal"" |`histogram(std, 10)` | eval type=""Normal""] [| where type=""Exponential"" |`histogram(std, 10)` | eval type=""Exponential""] [| where type=""Gaussian KDE"" |`histogram(std, 10)` | eval type=""Gaussian KDE""] [| where type=""Beta"" |`histogram(std, 10)` | eval type=""Beta""] | table std count type","",0,0,0,1716952207,1,"898df7ad-6a34-48dd-91c3-2a52df54861b",0,completed,"10.908",,,,,,,,,,,,,,,,
"admin__admin_U3BsdW5rX01MX1Rvb2xraXQ__RMD555f559aa85aa9764_1716997185.4521",server,"1716997185.345061",0,splunkjs," | `clus-fit`","",0,0,5000,1716997185,0,"c0487826-341d-4644-9f38-15b06d0b2ab2",5000,canceled,"0.117",,,,,,,,,,,,,,,,
"admin__admin_U3BsdW5rX01MX1Rvb2xraXQ__RMD555f559aa85aa9764_1716997185.4522",server,"1716997185.362690",0,splunkjs," | `clus-fit`","",0,0,5000,1716997185,0,"c0487826-341d-4644-9f38-15b06d0b2ab2",5000,canceled,"0.124",,,,,,,,,,,,,,,,
"admin__admin_U3BsdW5rX01MX1Rvb2xraXQ__RMD555f559aa85aa9764_1716997185.4523",server,"1716997185.385173",0,splunkjs," | `clus-fit`",smart,0,0,5000,1716997185,2500,"c0487826-341d-4644-9f38-15b06d0b2ab2",5000,completed,"0.137",,,,,,,,,,,,,,,,
"admin__admin_U3BsdW5rX01MX1Rvb2xraXQ__RMD5e4dc66892e0536c9_1717097284.14445",server,"1717097284.088636",0,splunkjs," | `clus-fit`","",0,0,5000,1717097284,2500,"b5954c3a-99bc-4349-848c-7d62ab288dda",5000,canceled,"0.113",,,,,,,,,,,,,,,,
"admin__admin_U3BsdW5rX01MX1Rvb2xraXQ__RMD5e4dc66892e0536c9_1717097284.14446",server,"1717097284.170467",0,splunkjs," | `clus-fit`","",0,0,5000,1717097284,2500,"b5954c3a-99bc-4349-848c-7d62ab288dda",5000,completed,"0.108",,,,,,,,,,,,,,,,
"admin__admin_U3BsdW5rX01MX1Rvb2xraXQ__RMD5da280ddb99aed232_1717097433.14496",server,"1717097433.018442",0,splunkjs," | `clus-fit`","",0,0,5000,1717097433,2500,"be4d4ff2-8191-4aa9-8f5d-cb292f75e212",5000,canceled,"0.111",,,,,,,,,,,,,,,,
"admin__admin_U3BsdW5rX01MX1Rvb2xraXQ__RMD5da280ddb99aed232_1717097433.14497",server,"1717097433.104424",0,splunkjs," | `clus-fit`","",0,0,5000,1717097433,2500,"be4d4ff2-8191-4aa9-8f5d-cb292f75e212",5000,completed,"0.108",,,,,,,,,,,,,,,,
"admin__admin_U3BsdW5rX01MX1Rvb2xraXQ__RMD56e0e203cb50da387_1717097452.14498",server,"1717097452.340371",0,splunkjs,"| `clus-fit`  | fit DensityFunction ""packets_received/s"" by ""interface_name,source"" dist=auto threshold=0.017 show_density=true show_options=""feature_variables,split_by,params"" into ""_exp_draft_af28b737dfa24888a66c15d93652d10e""","",0,0,0,1717097452,0,"00021b2f-ad24-4bce-81b0-c7d8e6c3bcef",0,canceled,"2.809",,,,,,,,,,,,,,,,
"admin__admin_U3BsdW5rX01MX1Rvb2xraXQ__RMD56e0e203cb50da387_1717097452.14499",server,"1717097452.754611",0,splunkjs,"| `clus-fit`  | fit DensityFunction ""packets_received/s"" by ""interface_name,source"" dist=auto threshold=0.017 show_density=true show_options=""feature_variables,split_by,params"" into ""_exp_draft_af28b737dfa24888a66c15d93652d10e""","",0,0,5000,1717097452,2500,"00021b2f-ad24-4bce-81b0-c7d8e6c3bcef",5000,completed,"3.3200000000000003",,,,,,,,,,,,,,,,
"admin__admin_U3BsdW5rX01MX1Rvb2xraXQ__RMD5b8f06244f9e46c8e_1717097456.14500",server,"1717097456.920930",0,splunkjs,"| loadjob admin__admin_U3BsdW5rX01MX1Rvb2xraXQ__RMD56e0e203cb50da387_1717097452.14499 | stats first(_isApply) as _isApply, sum(IsOutlier(packets_received/s)) as outlierCount by  ""interface_name"" ""source"" | sort - outlierCount | table _isApply, outlierCount, *","",0,0,0,1717097457,0,"53eb9af7-9752-45c2-9ac8-d557955d4875",0,canceled,"0.131",,,,,,,,,,,,,,,,
"admin__admin_U3BsdW5rX01MX1Rvb2xraXQ__RMD566295dfd9ec92ba9_1717097456.14502",server,"1717097456.929232",0,splunkjs," | summary _exp_draft_af28b737dfa24888a66c15d93652d10e | `histogram(cardinality, 10)`","",0,0,0,1717097457,0,"71e3da96-be06-40cb-8755-9295f95d3a25",0,canceled,"8.389",,,,,,,,,,,,,,,,
"admin__admin_U3BsdW5rX01MX1Rvb2xraXQ__RMD5a7dc9fbb37c067e1_1717097456.14503",server,"1717097456.938230",0,splunkjs," | summary _exp_draft_af28b737dfa24888a66c15d93652d10e | replace ""Auto: *"" with ""*"" in type | multireport  [| where type=""Normal"" |`histogram(mean, 10)` | eval type=""Normal""] [| where type=""Exponential"" |`histogram(mean, 10)` | eval type=""Exponential""] [| where type=""Gaussian KDE"" |`histogram(mean, 10)` | eval type=""Gaussian KDE""] [| where type=""Beta"" |`histogram(mean, 10)` | eval type=""Beta""] | table mean count type","",0,0,0,1717097457,0,"0167d8ca-e1e5-4a67-9e4f-9d663247f111",0,canceled,"9.929",,,,,,,,,,,,,,,,
"admin__admin_U3BsdW5rX01MX1Rvb2xraXQ__RMD54e9596fa2da1e33e_1717097456.14504",server,"1717097456.946225",0,splunkjs," | summary _exp_draft_af28b737dfa24888a66c15d93652d10e | replace ""Auto: *"" with ""*"" in type | multireport  [| where type=""Normal"" |`histogram(std, 10)` | eval type=""Normal""] [| where type=""Exponential"" |`histogram(std, 10)` | eval type=""Exponential""] [| where type=""Gaussian KDE"" |`histogram(std, 10)` | eval type=""Gaussian KDE""] [| where type=""Beta"" |`histogram(std, 10)` | eval type=""Beta""] | table std count type","",0,0,0,1717097457,0,"74a8d1e7-2449-4a04-9b85-bbe23f4834af",0,canceled,"10.115",,,,,,,,,,,,,,,,
"admin__admin_U3BsdW5rX01MX1Rvb2xraXQ__RMD5b8f06244f9e46c8e_1717097456.14505",server,"1717097456.978455",0,splunkjs,"| loadjob admin__admin_U3BsdW5rX01MX1Rvb2xraXQ__RMD56e0e203cb50da387_1717097452.14499 | stats first(_isApply) as _isApply, sum(IsOutlier(packets_received/s)) as outlierCount by  ""interface_name"" ""source"" | sort - outlierCount | table _isApply, outlierCount, *","",0,0,0,1717097457,1,"53eb9af7-9752-45c2-9ac8-d557955d4875",0,completed,"0.316",,,,,,,,,,,,,,,,
"admin__admin_U3BsdW5rX01MX1Rvb2xraXQ__RMD5132e72fa317fc5fd_1717097457.14506",server,"1717097457.016852",0,splunkjs," | summary _exp_draft_af28b737dfa24888a66c15d93652d10e","",0,0,0,1717097457,1,"06da7929-59a3-4a84-ac27-021bc0d738be",0,completed,"11.043000000000001",,,,,,,,,,,,,,,,
"admin__admin_U3BsdW5rX01MX1Rvb2xraXQ__RMD566295dfd9ec92ba9_1717097457.14507",server,"1717097457.021297",0,splunkjs," | summary _exp_draft_af28b737dfa24888a66c15d93652d10e | `histogram(cardinality, 10)`","",0,0,0,1717097457,1,"71e3da96-be06-40cb-8755-9295f95d3a25",0,canceled,"11.756",,,,,,,,,,,,,,,,
"admin__admin_U3BsdW5rX01MX1Rvb2xraXQ__RMD5a7dc9fbb37c067e1_1717097457.14508",server,"1717097457.026031",0,splunkjs," | summary _exp_draft_af28b737dfa24888a66c15d93652d10e | replace ""Auto: *"" with ""*"" in type | multireport  [| where type=""Normal"" |`histogram(mean, 10)` | eval type=""Normal""] [| where type=""Exponential"" |`histogram(mean, 10)` | eval type=""Exponential""] [| where type=""Gaussian KDE"" |`histogram(mean, 10)` | eval type=""Gaussian KDE""] [| where type=""Beta"" |`histogram(mean, 10)` | eval type=""Beta""] | table mean count type","",0,0,0,1717097457,0,"0167d8ca-e1e5-4a67-9e4f-9d663247f111",0,canceled,"12.743",,,,,,,,,,,,,,,,
"admin__admin_U3BsdW5rX01MX1Rvb2xraXQ__RMD54e9596fa2da1e33e_1717097457.14509",server,"1717097457.053544",0,splunkjs," | summary _exp_draft_af28b737dfa24888a66c15d93652d10e | replace ""Auto: *"" with ""*"" in type | multireport  [| where type=""Normal"" |`histogram(std, 10)` | eval type=""Normal""] [| where type=""Exponential"" |`histogram(std, 10)` | eval type=""Exponential""] [| where type=""Gaussian KDE"" |`histogram(std, 10)` | eval type=""Gaussian KDE""] [| where type=""Beta"" |`histogram(std, 10)` | eval type=""Beta""] | table std count type","",0,0,0,1717097457,0,"74a8d1e7-2449-4a04-9b85-bbe23f4834af",0,canceled,"12.394",,,,,,,,,,,,,,,,
